NIST peak,Measured peak,Stddev,Peak label,Spectrum,Confident?
1405.2654,1404.1761117091546,1.5392549418205348,1405,?,0.0
1524.278,1524.558157500124,2.610591663135361,1524,?,0.0
1631.5568,1633.0434879328172,2.888279996911432,1632,?,0.0
1668.434,1668.6899918615443,1.9284482982138191,1668,?,0.0
1775.7129,1776.2779731368316,3.902332059125009,1776,?,0.0
