NIST peak,Measured peak,Stddev,Peak label,Spectrum,Confident?
1205.8994,1208.6911888349746,0.6737563169050826,1206,?,0.0
1222.6627,1221.654960453789,0.41554445326924666,1223,?,0.0
