NIST peak,Measured peak,Stddev,Peak label,Spectrum,Confident?
1524.4728,1524.5319250958476,2.4332754107304315,1524,?,0.0
1552.9718,1553.8634374515846,3.7334418132890277,1553,?,0.0
1573.0886,1573.5521321002927,3.024094497581204,1573,?,0.0
1775.9346,1776.6148873061554,3.7125571369539276,1776,?,0.0
