NIST peak,Measured peak,Stddev,Peak label,Spectrum,Confident?
1215.9899,1215.9583694395585,3.424899903070864,1216,?,0.0
1304.8381,1304.9987044314792,2.803491854512062,1305,?,0.0
1547.9137,1549.2997936703257,2.3682359650232057,1548,?,0.0
