NIST peak,Measured peak,Stddev,Peak label,Spectrum,Confident?
1214.2307,1212.985833448871,0.8859865483806375,1214,?,0.0
1242.7273,1245.4829245680596,1.6101902969838415,1243,?,0.0
1277.929,1278.1856529700997,2.603964515193478,1278,?,0.0
1358.3896,1358.806073305437,2.999809170262421,1358,?,0.0
1472.376,1475.1716302703242,1.401332568476233,1472,?,0.0
1634.9739,1634.6125987171624,1.6108318362118557,1635,?,0.0
1660.118,1660.9925463971947,1.438903645430956,1660,?,0.0
1693.6433,1694.8160117971472,1.3456960948431764,1694,?,0.0
1727.1688,1727.5439222203615,1.637018677737731,1727,?,0.0
