NIST peak,Measured peak,Stddev,Peak label,Spectrum,Confident?
1549.59,1550.1916209996411,3.1797106983529235,1550,?,0.0
