NIST peak,Measured peak,Stddev,Peak label,Spectrum,Confident?
1165.5842,1164.4937171570855,1.7139104517257966,1166,?,0.0
1304.714,1306.032597134905,2.7010298976847236,1305,?,0.0
1344.9443,1346.4797125219875,2.6818957851005445,1345,?,0.0
1413.671,1414.2105813192636,0.7867618861506476,1414,?,0.0
1549.4484,1550.2008252170322,2.6823121970389447,1549,?,0.0
1660.0818,1661.6114348903473,3.7651012447043075,1660,?,0.0
