NIST peak,Measured peak,Stddev,Peak label,Spectrum,Confident?
1194.2549,1194.6953432379787,0.7693465400757107,1194,?,0.0
1231.1371,1232.5729873549774,2.6637109092834113,1231,?,0.0
1252.9312,1255.2271547776688,1.492825560312439,1253,?,0.0
1408.8422,1407.9698104999054,0.4529447733356787,1409,?,0.0
1449.0774,1451.0126003083476,1.010280545956768,1449,?,0.0
1489.3125,1489.5338597074451,1.964102940189719,1489,?,0.0
1549.6652,1549.0618575807039,1.019764978748611,1550,?,0.0
1561.4004,1561.0494900736035,1.5143236978863532,1561,?,0.0
