NIST peak,Measured peak,Stddev,Peak label,Spectrum,Confident?
1165.122,1165.2474995910134,2.602134431705841,1165,?,0.0
1205.3353,1208.0713556981561,0.7448787856504543,1205,?,0.0
1220.4153,1219.4188161201807,0.5671138542361015,1220,?,0.0
1434.8861,1436.3282048064486,3.844340674420619,1435,?,0.0
1520.3394,1521.5813840489457,3.2517436301964775,1520,?,0.0
1664.4369,1663.3089307021082,1.7791252014312007,1664,?,0.0
1677.8413,1680.1542064738837,1.834169256969369,1678,?,0.0
1734.8102,1733.4866730965143,1.31203109743209,1735,?,0.0
1743.188,1743.7069215998586,2.925347589189645,1743,?,0.0
