NIST peak,Measured peak,Stddev,Peak label,Spectrum,Confident?
1162.4229,1159.6992917630935,1.3193625399551954,1162,?,0.0
1214.3942,1215.692516450576,2.6020668137574363,1214,?,0.0
1303.2483,1304.0313990959887,2.6748021926790764,1303,?,0.0
1380.3671,1381.0882882864112,2.895480263455217,1380,?,0.0
1656.9885,1657.2159087847208,2.564788675527645,1657,?,0.0
