NIST peak,Measured peak,Stddev,Peak label,Spectrum,Confident?
1304.8381,1305.9037689090633,2.9366114530777883,1305,?,0.0
1549.59,1549.6289868105948,3.0448138049744253,1550,?,0.0
