NIST peak,Measured peak,Stddev,Peak label,Spectrum,Confident?
1524.4606,1525.0165755240278,2.2040275659240534,1524,?,0.0
1775.9207,1777.1516754036918,3.741068775585962,1776,?,0.0
1883.2102,1883.200111148832,3.778061977032491,1883,?,0.0
