NIST peak,Measured peak,Stddev,Peak label,Spectrum,Confident?
1155.6901,1157.9927570610657,0.40225790015460855,1156,?,0.0
1274.7183,1277.164710188745,0.4170629142933315,1275,?,0.0
1289.8063,1291.2220461714887,3.934892251464594,1290,?,0.0
1425.599,1422.7218037407642,1.719114845866406,1426,?,0.0
1440.6871,1438.8223538761758,1.2222733812625746,1441,?,0.0
1608.3324,1609.7939767209164,1.4976327530879803,1608,?,0.0
1760.8895,1761.5169011730823,2.405699356009248,1761,?,0.0
1801.1244,1802.4050539832415,2.593715115165446,1801,?,0.0
