NIST peak,Measured peak,Stddev,Peak label,Spectrum,Confident?
1215.8966,1216.6647280799552,3.4657911532345658,1216,?,0.0
1546.1187,1547.1968154554709,3.499976880880492,1546,?,0.0
1665.1327,1665.5993998302292,2.3657519121723096,1665,?,0.0
1891.427,1891.7029052596308,3.86635868057361,1891,?,0.0
