NIST peak,Measured peak,Stddev,Peak label,Spectrum,Confident?
1187.4985,1188.8487595007043,3.4216213528119237,1187,?,0.0
1264.6124,1264.3646448686457,2.5746074578921974,1265,?,0.0
1542.8933,1545.5783374785947,0.41362530290918376,1543,?,0.0
1651.8586,1652.9985098956274,2.5584968165859916,1652,?,0.0
