NIST peak,Measured peak,Stddev,Peak label,Spectrum,Confident?
1214.331,1214.548341741432,3.9407700481465877,1214,?,0.0
1529.4955,1529.94970211396,2.9047753151666864,1529,?,0.0
