NIST peak,Measured peak,Stddev,Peak label,Spectrum,Confident?
1214.1919,1214.5393481546532,2.85265213587621,1214,?,0.0
1514.234,1517.1329271124284,1.434977851732051,1514,?,0.0
1561.168,1559.7691460154256,1.8958316771685104,1561,?,0.0
1629.8926,1631.4103886013365,3.365497391235635,1630,?,0.0
