NIST peak,Measured peak,Stddev,Peak label,Spectrum,Confident?
1175.7693,1173.805914424554,0.8470486887362961,1176,?,0.0
1547.9302,1548.6555786520435,2.0288421190744157,1548,?,0.0
