NIST peak,Measured peak,Stddev,Peak label,Spectrum,Confident?
1157.4124,1155.409721980617,1.6483917936745138,1157,?,0.0
1165.7952,1167.3573561505402,0.8659520473204843,1166,?,0.0
1237.8876,1235.4023692388746,0.43697264531713553,1238,?,0.0
1252.9766,1252.3159780864974,2.160378199088835,1253,?,0.0
1449.1348,1449.1882470619553,2.736713497461536,1449,?,0.0
1462.5474,1462.4266694709816,2.7588334684211833,1463,?,0.0
1559.7882,1561.2918760535206,3.2348694104142166,1560,?,0.0
