NIST peak,Measured peak,Stddev,Peak label,Spectrum,Confident?
1164.0461,1165.6983517177441,2.5258878164265037,1164,?,0.0
1194.2217,1191.9984680501314,0.40789668340099594,1194,?,0.0
1249.5433,1250.155034512369,3.0486065968697638,1250,?,0.0
1304.8652,1306.254002160976,2.361920040670739,1305,?,0.0
1430.5963,1429.7542885418022,0.4624646398503873,1431,?,0.0
1593.2087,1594.5338540790096,2.8107070274683976,1593,?,0.0
1655.2365,1655.9926798268245,2.63828592136965,1655,?,0.0
1794.379,1791.8276401755015,0.4315978517066733,1794,?,0.0
