NIST peak,Measured peak,Stddev,Peak label,Spectrum,Confident?
1169.0476,1166.6783625170053,0.47973130063365244,1169,?,0.0
1199.2223,1197.4469848393624,0.7878876254041118,1199,?,0.0
1215.9861,1216.1587738465885,3.7270175121455793,1216,?,0.0
1236.1025,1235.2363326039208,3.8774247946050933,1236,?,0.0
1306.5103,1306.1119743751703,2.40641874752373,1307,?,0.0
1551.2611,1553.57574817739,0.4121675024311262,1551,?,0.0
1790.9828,1792.9300962042212,1.0692372800949412,1791,?,0.0
