NIST peak,Measured peak,Stddev,Peak label,Spectrum,Confident?
1162.3416,1164.0767291532025,2.4441960381649364,1162,?,0.0
1405.4227,1404.7135800508947,2.0997091904476117,1405,?,0.0
1524.4486,1525.0417171832894,2.8105396633257116,1524,?,0.0
1633.4159,1634.3710657407644,2.4035386323733876,1633,?,0.0
1670.2971,1669.2794772378809,1.7039754316339975,1670,?,0.0
1972.0529,1972.151519657483,2.567430145672461,1972,?,0.0
