NIST peak,Measured peak,Stddev,Peak label,Spectrum,Confident?
1306.4915,1306.4515740628901,1.9891685907958052,1306,?,0.0
