NIST peak,Measured peak,Peak label,Spectrum,Confident?
1215.8912,1216.3287886507176,1216,H I,True
1304.7346,1306.1210282577183,1305,?,0.0
1396.9305,1395.0725070796366,1397,?,0.0
1547.7964,1549.05970380962,1548,?,0.0
1639.9923,1642.0903195282565,1640,?,0.0
1660.1079,1659.1603477317158,1660,?,0.0
1681.8995,1684.3646470645765,1682,?,0.0
1817.679,1818.4866244176328,1818,?,0.0
