NIST peak,Measured peak,Stddev,Peak label,Spectrum,Confident?
1405.3116,1404.974137610785,1.2780157970908386,1405,?,0.0
1524.3256,1524.7864978702567,2.398702903706007,1524,?,0.0
1556.1743,1555.3930376148655,3.254717005546318,1556,?,0.0
1574.613,1575.3524649584986,3.7946229938027334,1575,?,0.0
1633.282,1634.4518365553026,2.412484504846265,1633,?,0.0
1775.7634,1776.759381789157,3.437490205558479,1776,?,0.0
