NIST peak,Measured peak,Stddev,Peak label,Spectrum,Confident?
1214.2859,1215.8959921034038,0.8829362448178912,1214,?,0.0
