NIST peak,Measured peak,Stddev,Peak label,Spectrum,Confident?
1157.322,1156.419629223381,1.78035429607117,1157,?,0.0
1179.1157,1176.5999340697792,0.409449620738633,1179,?,0.0
