NIST peak,Measured peak,Stddev,Peak label,Spectrum,Confident?
1214.4203,1215.557457647818,3.415138322496032,1214,?,0.0
