NIST peak,Measured peak,Stddev,Peak label,Spectrum,Confident?
1380.2646,1380.5778591405112,1.896926767746772,1380,?,0.0
1405.4108,1405.04029264247,1.496785132486102,1405,?,0.0
1524.4357,1524.8563325255443,1.997691196380949,1524,?,0.0
1554.611,1554.9639707257038,3.755654411980361,1555,?,0.0
1633.4021,1634.4200299873262,2.611880863319753,1633,?,0.0
1668.6066,1669.4371006869296,1.653725552282522,1669,?,0.0
1723.928,1723.7860054996852,1.735666162535122,1724,?,0.0
1775.8966,1777.2391846686367,3.3182126056960675,1776,?,0.0
1972.0363,1972.141670658409,2.4468182589350134,1972,?,0.0
