NIST peak,Measured peak,Stddev,Peak label,Spectrum,Confident?
1405.4591,1404.4395852685739,1.8783228418393176,1405,?,0.0
1524.488,1524.4825491326997,2.650457326453391,1524,?,0.0
1631.7817,1633.4891020737964,2.591555126870066,1632,?,0.0
1668.664,1668.7507257411835,1.888664951345346,1669,?,0.0
