NIST peak,Measured peak,Stddev,Peak label,Spectrum,Confident?
1214.2811,1215.2136158911703,1.9211157931121055,1214,?,0.0
