NIST peak,Measured peak,Stddev,Peak label,Spectrum,Confident?
1403.7987,1403.834747233247,1.5419991818432834,1404,?,0.0
1522.8291,1524.3238795976722,2.3841866245445695,1523,?,0.0
1553.0059,1553.7957639320343,3.8005140970464892,1553,?,0.0
1633.477,1634.4591757392336,2.329623904672497,1633,?,0.0
1775.9781,1776.438268096415,2.792107769637634,1776,?,0.0
1881.5966,1882.462004316037,3.617419240339291,1882,?,0.0
