NIST peak,Measured peak,Stddev,Peak label,Spectrum,Confident?
1531.417,1533.747750143509,1.7228818880475842,1531,?,0.0
