NIST peak,Measured peak,Stddev,Peak label,Spectrum,Confident?
1154.0277,1156.6809970422375,0.4742132042601596,1154,?,0.0
1214.3823,1215.5597829244482,2.6076115806964606,1214,?,0.0
1484.302,1486.3888139966414,1.6523215025220688,1484,?,0.0
1598.3054,1598.852714361788,2.894948638413221,1598,?,0.0
1631.8357,1632.052407819942,1.547875584601516,1632,?,0.0
