NIST peak,Measured peak,Stddev,Peak label,Spectrum,Confident?
1254.4694,1255.5200854807342,2.0772832635425167,1254,?,0.0
1303.0826,1304.3664555492212,2.889545885412785,1303,?,0.0
1509.27,1511.1555435919179,2.241379599663242,1509,?,0.0
1542.7964,1544.800782328949,1.6568017912079775,1543,?,0.0
1559.5597,1560.3690221937227,3.2626008945766514,1560,?,0.0
1594.7623,1596.1949515347708,2.7961923072633863,1595,?,0.0
