NIST peak,Measured peak,Stddev,Peak label,Spectrum,Confident?
1180.7722,1181.8114706502008,3.36878464846217,1181,?,0.0
1195.8597,1194.8104653856867,3.505063354150595,1196,?,0.0
1215.9763,1216.205616504926,2.654638638379239,1216,?,0.0
