NIST peak,Measured peak,Stddev,Peak label,Spectrum,Confident?
1167.2552,1165.0127021134135,0.41517396895396813,1167,?,0.0
1178.989,1179.7898452563873,2.510103052545845,1179,?,0.0
1376.7871,1375.7031262168673,1.1900202145131562,1377,?,0.0
