NIST peak,Measured peak,Stddev,Peak label,Spectrum,Confident?
1158.9999,1161.81542581401,3.4111401990410224,1159,?,0.0
1175.7638,1178.3139320458015,0.40716742970751046,1176,?,0.0
1304.8458,1306.3744772959824,3.990040241718993,1305,?,0.0
1506.0127,1507.443690762977,1.634919901920358,1506,?,0.0
1579.7739,1578.5001555013805,1.6122755246222908,1580,?,0.0
1589.8323,1592.404411056834,0.481457180297344,1590,?,0.0
1616.6544,1615.2372087946248,1.0510957279596742,1617,?,0.0
1744.0602,1744.8542997240759,2.8008285941247606,1744,?,0.0
1854.7019,1855.2344410945832,3.033880484951116,1855,?,0.0
