NIST peak,Measured peak,Stddev,Peak label,Spectrum,Confident?
1215.9055,1215.8779652834673,1.8760303112877266,1216,?,0.0
