NIST peak,Measured peak,Stddev,Peak label,Spectrum,Confident?
1547.9137,1548.9394575636134,3.2012118339324624,1548,?,0.0
