Approx peak,Measured peak,Stddev,Peak label,Spectrum,Confident?
1215.9899,1215.9899,0.0,1216,?,0.0
1304.8381,1304.8381,0.0,1305,?,0.0
1335.0131,1335.0131,0.0,1335,?,0.0
1397.0393,1397.0393,0.0,1397,?,0.0
1547.9137,1547.9137,0.0,1548,?,0.0
1638.4382,1638.4382,0.0,1638,?,0.0
1660.2312,1660.2312,0.0,1660,?,0.0
1814.4584,1814.4584,0.0,1814,?,0.0
1889.8956,1889.8956,0.0,1890,?,0.0
0.0,1241.5310000000002,0.0,1242,?,False
0.0,1735.3110000000001,0.0,1735,?,False
