NIST peak,Measured peak,Stddev,Peak label,Spectrum,Confident?
1170.7224,1169.9505910403077,0.4520644166338485,1171,?,0.0
1214.3093,1214.1677151157794,3.568001338249637,1214,?,0.0
1336.6879,1336.9762735490945,3.8746135346036654,1337,?,0.0
