NIST peak,Measured peak,Stddev,Peak label,Spectrum,Confident?
1547.9282,1548.902901070163,2.839054083596704,1548,?,0.0
