Approx peak,Measured peak,Stddev,Peak label,Spectrum,Confident?
1214.2275,1214.2275,0.0,1214,?,0.0
1303.0695,1305.8393999999998,0.0,1306,?,0.0
1817.6825,1816.2993999999999,0.0,1816,?,0.0
