NIST peak,Measured peak,Stddev,Peak label,Spectrum,Confident?
1303.1368,1304.0191396980185,2.998587800720977,1303,?,0.0
1547.8898,1548.0756697750232,3.255854222261679,1548,?,0.0
