NIST peak,Measured peak,Stddev,Peak label,Spectrum,Confident?
1175.6666,1176.5766248668306,3.6969970399254275,1176,?,0.0
1398.6084,1398.4438272948748,3.290098228207433,1399,?,0.0
1487.4498,1488.122332245178,2.350012928121097,1487,?,0.0
1544.4424,1546.1250689008777,3.397552757751481,1544,?,0.0
1661.7803,1663.5233515897994,3.8464429747781437,1662,?,0.0
