NIST peak,Measured peak,Stddev,Peak label,Spectrum,Confident?
1214.2094,1214.8223173761528,3.8773354422657573,1214,?,0.0
1482.4143,1482.2283324369573,2.794952177345381,1482,?,0.0
1641.661,1641.3178983561745,1.9639838438042991,1642,?,0.0
