NIST peak,Measured peak,Stddev,Peak label,Spectrum,Confident?
1153.7866,1152.780689265327,0.3910376697927443,1154,?,0.0
1183.9569,1182.1747360377371,0.7477199490945324,1184,?,0.0
1301.2856,1302.6113855487179,3.5079007722893127,1301,?,0.0
1338.1604,1341.0884082144923,1.3744884236087545,1338,?,0.0
1370.0066,1371.5727538982856,1.914885457079988,1370,?,0.0
1410.2338,1412.1585355419747,3.296621611963133,1410,?,0.0
1472.2502,1473.6206183592922,1.5636345848606685,1472,?,0.0
1596.2836,1593.6987716479239,0.4470967750909752,1596,?,0.0
1946.5936,1946.750977987865,2.7349779075223433,1947,?,0.0
