NIST peak,Measured peak,Stddev,Peak label,Spectrum,Confident?
1524.3274,1524.7856911472213,2.2440149069331374,1524,?,0.0
1665.1327,1664.34206272002,2.500510444166628,1665,?,0.0
1780.7942,1779.8512508062763,2.777724036412221,1781,?,0.0
1891.427,1891.6559953298458,3.2544373397319974,1891,?,0.0
