NIST peak,Measured peak,Stddev,Peak label,Spectrum,Confident?
1169.02,1168.4806024467996,2.1555613089574903,1169,?,0.0
1184.107,1186.4063937917192,1.6968932191126176,1184,?,0.0
1215.9574,1216.6054946765532,3.6899162485506367,1216,?,0.0
1428.8523,1431.502318679799,0.4079249563498881,1429,?,0.0
1497.5822,1497.4574192586954,3.9669599533816142,1498,?,0.0
1524.4036,1527.0973901189707,1.2294045389357215,1524,?,0.0
1790.9412,1788.4763878980245,0.4168221819116916,1791,?,0.0
