NIST peak,Measured peak,Stddev,Peak label,Spectrum,Confident?
1479.18,1481.6873140151529,3.7497813319664193,1479,?,0.0
1524.4423,1525.0024336722752,2.1669205604547486,1524,?,0.0
1633.407,1635.2007985677092,2.5491509255005744,1633,?,0.0
1775.8993,1775.9345248262148,2.44962581605908,1776,?,0.0
1883.1876,1882.739374958505,3.6956092102088434,1883,?,0.0
