NIST peak,Measured peak,Stddev,Peak label,Spectrum,Confident?
1177.3811,1176.012804604729,2.328591160243463,1177,?,0.0
1195.8206,1194.2655859183456,1.2482040904910323,1196,?,0.0
1214.26,1215.8256660591103,0.7865326223021204,1214,?,0.0
1500.9087,1501.3807403113517,3.7955085878175385,1501,?,0.0
1661.8344,1663.1797473599584,1.4380063017353846,1662,?,0.0
1698.7131,1699.8133352842988,1.282169214779171,1699,?,0.0
