NIST peak,Measured peak,Stddev,Peak label,Spectrum,Confident?
1155.6432,1153.0009824461092,0.4087709411371381,1156,?,0.0
1251.1987,1251.2790959092802,3.0079646521961165,1251,?,0.0
1462.4268,1462.9520085621004,1.7505777149386117,1462,?,0.0
1521.1012,1518.7686783118006,0.41787244038990456,1521,?,0.0
1541.2181,1542.66181802707,3.638971448665122,1541,?,0.0
1635.0973,1634.8579001976136,0.9076360739427662,1635,?,0.0
1653.5378,1655.0582644531723,3.757522486394679,1654,?,0.0
1673.6547,1675.0674473699012,3.4609588232541215,1674,?,0.0
1770.8867,1770.318148893862,1.7013765533361658,1771,?,0.0
