NIST peak,Measured peak,Stddev,Peak label,Spectrum,Confident?
1162.2329,1161.983390868096,2.8694037167615836,1162,?,0.0
1182.3481,1181.707627158215,0.45034690853467263,1182,?,0.0
1252.7512,1251.7870377199374,1.9849842136402527,1253,?,0.0
1333.2119,1334.354580159888,3.717267244792538,1333,?,0.0
1566.2126,1567.1468037241336,3.3281783347708593,1566,?,0.0
1814.2998,1814.7724019360558,2.7522295255540214,1814,?,0.0
1923.257,1925.108776210074,2.7127383196526313,1923,?,0.0
