NIST peak,Measured peak,Stddev,Peak label,Spectrum,Confident?
1219.2491,1218.083000755326,0.7276678547032565,1219,?,0.0
1891.427,1892.722577825543,3.212124803741554,1891,?,0.0
