NIST peak,Measured peak,Stddev,Peak label,Spectrum,Confident?
1507.7234,1508.7324735637762,2.4303926170707584,1508,?,0.0
1524.488,1524.8793730491964,2.243553127677845,1524,?,0.0
1552.9879,1553.989699424807,3.8475952180043644,1553,?,0.0
1633.4583,1634.6983011865136,2.731768833185278,1633,?,0.0
1775.9578,1776.900781052575,3.8246185555882812,1776,?,0.0
