NIST peak,Measured peak,Stddev,Peak label,Spectrum,Confident?
1214.2205,1215.5354616032128,3.097904727425654,1214,?,0.0
1500.8599,1502.408825002985,3.434585924491029,1501,?,0.0
1546.1187,1547.587697048614,3.0615462546140075,1546,?,0.0
1872.9883,1874.002227973889,3.868273272259019,1873,?,0.0
1891.427,1892.2926179260207,3.034593613712851,1891,?,0.0
1906.5133,1907.65989595517,3.500781553715108,1907,?,0.0
