NIST peak,Measured peak,Stddev,Peak label,Spectrum,Confident?
1214.2852,1215.2817313789035,3.080467290757991,1214,?,0.0
1304.8076,1305.1398385086181,2.5690912967540136,1305,?,0.0
1475.7947,1475.8240255060796,3.508380698811199,1476,?,0.0
1507.645,1506.8264447932117,0.43147206244997993,1508,?,0.0
1532.7902,1533.2527472434476,1.8570522985109952,1533,?,0.0
1591.4623,1590.3852232836525,1.8638114361895628,1591,?,0.0
1675.2794,1674.359006063008,1.8254742729831437,1675,?,0.0
1695.3955,1698.3437913749365,1.51279973285879,1695,?,0.0
