NIST peak,Measured peak,Stddev,Peak label,Spectrum,Confident?
1168.9451,1169.5080303287548,2.487761132252561,1169,?,0.0
1215.8794,1216.7364435615114,3.366887135188771,1216,?,0.0
1272.8712,1274.731711636842,1.9732988752954488,1273,?,0.0
1586.3263,1585.736205247251,2.108576441732613,1586,?,0.0
