NIST peak,Measured peak,Stddev,Peak label,Spectrum,Confident?
1214.7711,1214.9550109234665,3.688450332015738,1215,?,0.0
