NIST peak,Measured peak,Stddev,Peak label,Spectrum,Confident?
1304.759,1305.512279580325,2.8380519854202637,1305,?,0.0
1336.6084,1336.9368761952408,2.401837360143675,1337,?,0.0
1460.6531,1461.629095026686,3.9070576090648244,1461,?,0.0
1549.4958,1550.650914550246,2.665846708346495,1549,?,0.0
1640.0148,1641.6746422898784,2.8870934412238385,1640,?,0.0
1656.7776,1658.2621230140462,1.9986020313996624,1657,?,0.0
