NIST peak,Measured peak,Stddev,Peak label,Spectrum,Confident?
1155.5557,1158.0300459532177,0.43046900277769384,1156,?,0.0
1220.9316,1219.9653526125578,0.8923968056045551,1221,?,0.0
1334.9203,1336.409966527492,3.412773963962787,1335,?,0.0
1477.4062,1478.2175414822025,2.316508530721846,1477,?,0.0
1504.227,1505.4122262785233,3.919994223916226,1504,?,0.0
1643.3604,1642.3675991776172,1.7703427648216434,1643,?,0.0
1665.1523,1667.464602651875,1.093794500331692,1665,?,0.0
1816.0197,1816.779002738735,3.6447764743185425,1816,?,0.0
1891.4535,1892.1276850321078,3.0635347088279,1891,?,0.0
