NIST peak,Measured peak,Stddev,Peak label,Spectrum,Confident?
1164.0994,1164.507232543481,3.5188775356770563,1164,?,0.0
1214.3942,1214.3671754719583,3.5430756616000263,1214,?,0.0
1355.2197,1355.4379839248895,3.8812534539612726,1355,?,0.0
1640.2235,1641.446526647837,1.9943350394083361,1640,?,0.0
1656.9885,1657.183153172031,2.5936728770916067,1657,?,0.0
1814.5789,1816.1136212892031,2.6752040773602954,1815,?,0.0
