NIST peak,Measured peak,Stddev,Peak label,Spectrum,Confident?
1206.0117,1208.5944102491678,1.099354642731218,1206,?,0.0
