NIST peak,Measured peak,Stddev,Peak label,Spectrum,Confident?
1155.5494,1158.0235486800773,0.4319230779868925,1156,?,0.0
1220.925,1219.9587828859192,0.8923031628903891,1221,?,0.0
1334.9132,1336.4027649244579,3.4128026308107766,1335,?,0.0
1477.3983,1478.2096042534595,2.3165017571511837,1477,?,0.0
1504.219,1505.4041652207572,3.919985878023453,1504,?,0.0
1643.3516,1642.3587842333784,1.770322246686444,1643,?,0.0
1665.1433,1667.4556706335732,1.0938422606947262,1665,?,0.0
1816.0099,1816.7692774415236,3.6447387447936843,1816,?,0.0
1891.4434,1892.117500171017,3.063532724585469,1891,?,0.0
