NIST peak,Measured peak,Stddev,Peak label,Spectrum,Confident?
1205.8398,1208.6509727748798,0.8140996894039617,1206,?,0.0
1281.2714,1282.901452079047,1.6753035157470475,1281,?,0.0
1403.6381,1403.5287197237303,2.3392471230337293,1404,?,0.0
1510.9182,1509.97986410137,0.4237829291813447,1511,?,0.0
1596.4073,1597.7265985443692,1.1532830933762985,1596,?,0.0
1914.8958,1915.8108638201818,3.659009366941409,1915,?,0.0
