NIST peak,Measured peak,Stddev,Peak label,Spectrum,Confident?
1162.3146,1161.6545278680017,3.445708935592989,1162,?,0.0
1214.2811,1214.5020030173125,2.7473260628651537,1214,?,0.0
1661.8633,1662.3981131659514,2.955685910746297,1662,?,0.0
