NIST peak,Measured peak,Stddev,Peak label,Spectrum,Confident?
1180.7793,1182.689025313369,3.0783035600901716,1181,?,0.0
1214.3068,1214.9101658838965,3.687227130374403,1214,?,0.0
1301.4779,1303.5608929219386,2.6624203579577967,1301,?,0.0
1562.9918,1562.2027004941908,0.4315648393878236,1563,?,0.0
1812.7711,1815.2226138133794,2.0961876863337263,1813,?,0.0
