NIST peak,Measured peak,Stddev,Peak label,Spectrum,Confident?
1547.8059,1548.5978371560946,2.671774744506851,1548,?,0.0
1891.44,1891.4883433192167,3.0522487319055904,1891,?,0.0
1906.5264,1908.3515865174281,2.6721286462700364,1907,?,0.0
