NIST peak,Measured peak,Stddev,Peak label,Spectrum,Confident?
1290.0757,1290.1317037263063,1.227563829800345,1290,?,0.0
1377.2695,1378.5340269632527,3.2607816013284565,1377,?,0.0
1664.0032,1664.9286002046847,1.962942151151212,1664,?,0.0
