NIST peak,Measured peak,Stddev,Peak label,Spectrum,Confident?
1179.1141,1181.7744826356763,0.43193008000191657,1179,?,0.0
1281.3765,1282.3441947527485,3.4032778295547885,1281,?,0.0
1573.0759,1574.2038637090511,3.418526439670142,1573,?,0.0
1824.5409,1825.2216316346523,2.5279143588133612,1825,?,0.0
1859.746,1860.1103773095674,3.9895206060515123,1860,?,0.0
1874.8337,1875.9224996799774,2.6286299516819556,1875,?,0.0
