NIST peak,Measured peak,Stddev,Peak label,Spectrum,Confident?
1164.0316,1163.3426584600331,0.4769919894515572,1164,?,0.0
1190.854,1192.0643241589003,1.8639732228767723,1191,?,0.0
1301.4961,1303.7373205968402,2.0016503617811474,1301,?,0.0
