NIST peak,Measured peak,Stddev,Peak label,Spectrum,Confident?
1195.9465,1194.6124460294398,1.5115836595769987,1196,?,0.0
1278.0944,1279.7243264726164,3.70316161794925,1278,?,0.0
1306.5946,1306.839689267725,1.9677190499049042,1307,?,0.0
1338.4479,1336.6274017944866,1.9274849565508094,1338,?,0.0
1380.36,1381.1270755024993,2.2649088087847575,1380,?,0.0
1554.7144,1552.4216713702867,1.288434419766978,1555,?,0.0
1663.6859,1665.6742480758655,2.7918922083085684,1664,?,0.0
1791.0988,1791.930844275001,0.42315056059174416,1791,?,0.0
1817.9226,1818.4909832803366,2.2091097093885557,1818,?,0.0
