NIST peak,Measured peak,Stddev,Peak label,Spectrum,Confident?
1157.3494,1158.3384659138273,3.7656110235271165,1157,?,0.0
1182.4966,1183.0173652361032,0.47622451407865424,1182,?,0.0
1259.6144,1260.5037303916881,2.042346234163099,1260,?,0.0
1288.1144,1285.6541492512638,0.4095472304405413,1288,?,0.0
1410.497,1411.042392215951,3.3724513334782076,1410,?,0.0
1430.6147,1431.3945075785348,3.13165740044632,1431,?,0.0
1484.262,1486.8352954611887,1.4896890988599738,1484,?,0.0
1666.9977,1667.2191086208475,3.137059786796872,1667,?,0.0
1972.116,1970.7670041030867,2.001248762992299,1972,?,0.0
