NIST peak,Measured peak,Stddev,Peak label,Spectrum,Confident?
1281.3298,1282.271756652221,2.050753629113853,1281,?,0.0
1495.9003,1495.0746375135943,0.4357656395849428,1496,?,0.0
1517.6926,1516.2121906793232,0.9406715608801566,1518,?,0.0
1589.7749,1591.9969899851044,3.391458383420215,1590,?,0.0
1663.5334,1663.753686614664,0.8429110723454389,1664,?,0.0
1749.0262,1750.5983607706467,1.8778820441549537,1749,?,0.0
1767.4658,1769.6725366275152,2.1452796761653987,1767,?,0.0
