NIST peak,Measured peak,Stddev,Peak label,Spectrum,Confident?
1403.7952,1404.3531901373678,2.0551113898042233,1404,?,0.0
1507.7345,1508.6626553510234,2.548003107934434,1508,?,0.0
1524.499,1525.030054622103,2.487692121780205,1524,?,0.0
1552.9984,1554.3257932876036,3.1196576309920885,1553,?,0.0
1633.4677,1633.8280571856906,2.3974384738721475,1633,?,0.0
1670.3494,1668.9951115954923,1.581535326902203,1670,?,0.0
1775.9655,1776.975517667435,3.1646821626904744,1776,?,0.0
1972.109,1972.0192501974386,2.2137551750847897,1972,?,0.0
