NIST peak,Measured peak,Stddev,Peak label,Spectrum,Confident?
1547.9137,1549.4216428506465,2.822706039658321,1548,?,0.0
