NIST peak,Measured peak,Stddev,Peak label,Spectrum,Confident?
1214.2793,1215.3485906825968,3.4968403304334337,1214,?,0.0
1304.8013,1306.636984397076,3.0032915700143104,1305,?,0.0
1509.3142,1507.7874164011992,1.2273529205462015,1509,?,0.0
1816.0835,1818.9204448294213,2.225292620253428,1816,?,0.0
1898.2239,1898.9887699726833,3.6388090852208586,1898,?,0.0
